":START_ID",":END_ID"
"6066799b-ce8d-43a2-91ba-1127ccf972b5","77241cbd-faad-4943-bfce-5dea1c839044"
"dadc1205-ab2c-4a12-a47a-bd50f8a92bae","c8a3f26d-1921-4c47-8a7b-c4cd86df5557"
"0f6d55bf-1ce3-4032-858a-a45798523fd2","d94ef38c-a482-4edc-8357-8190b965f08c"
"90dd6a64-c6d0-4917-9e8a-554bc8b08f28","c02f1ed2-dd54-4878-9168-15fc6916d4c0"
"8adc805b-1cad-4a06-b23f-8afa9f0be5ed","8259f643-9a95-4219-a249-446e91a48d5f"
"4275bdf4-649f-49ff-abc6-088022d96316","b8e82917-bfa4-469b-a802-cf6e7adf4daa"
"b7cb43f2-9318-47ca-a633-682e7bc04ebb","23cebafe-d0fa-4226-a7fc-5e9e8009075a"
"b45ce239-0a5d-4691-8ec6-0304b8a11d98","34879635-f8c7-4f0b-8d9a-632bb90fbf7e"
"c6dea3a0-6999-456a-8906-6c9ecee0ec60","119d8f84-65a3-48ae-a49f-c4a9da54572d"
"4f240232-41cb-4c2e-92cd-0c7c9c3b952e","bd874d9c-4afe-4324-874e-27669dafd762"
"33a45644-24ef-4590-b5f6-77214f323d64","4b00817d-4634-4bf3-988e-191bc04701f8"
"55164b7c-6597-4bda-bb98-a64be50aa337","16005af1-e181-40c8-95ae-10c8e8751008"
